,cluster
0,0
1,0
2,15
3,14
4,8
5,16
6,9
7,16
8,8
9,9
10,9
11,5
12,0
13,14
14,6
15,8
16,16
17,0
18,0
19,3
20,9
21,13
22,7
23,7
24,9
25,0
26,0
27,8
28,5
29,12
30,9
31,4
32,7
33,0
34,0
35,12
36,9
37,0
38,15
39,12
40,15
41,9
42,0
43,3
44,0
45,8
46,0
47,0
48,8
49,10
50,5
51,12
52,15
53,6
54,3
55,3
56,13
57,12
58,12
59,7
60,7
61,4
62,7
63,1
64,14
65,12
66,3
67,12
68,3
69,9
70,0
71,0
72,1
73,1
74,0
75,0
76,10
77,15
78,0
79,8
80,12
81,8
82,14
83,0
84,8
85,10
86,12
87,10
88,0
89,3
90,0
91,9
92,6
93,7
94,9
95,7
96,7
97,8
98,0
99,0
100,15
101,4
102,7
103,5
104,0
105,13
106,3
107,9
108,14
109,8
110,10
111,2
112,7
113,14
114,4
115,4
116,4
117,4
118,3
119,3
120,0
121,6
122,4
123,4
124,0
125,1
126,6
127,0
128,8
129,10
130,14
131,16
132,15
133,0
134,0
135,14
136,6
137,0
138,0
139,5
140,9
141,10
142,14
143,10
144,0
145,10
146,12
147,12
148,4
149,9
150,0
151,1
152,0
153,0
154,7
155,15
156,3
157,16
158,4
159,12
160,4
161,4
162,3
163,7
164,0
165,8
166,4
167,3
168,13
169,12
170,4
171,7
172,2
173,0
174,12
175,13
176,8
177,0
178,0
179,1
180,3
181,3
182,6
183,3
184,0
185,4
186,2
187,0
188,1
189,0
190,0
191,16
192,1
193,6
194,1
195,1
196,0
197,13
198,11
199,0
200,1
201,1
202,9
203,5
204,13
205,0
206,5
207,13
208,0
209,1
210,0
211,3
212,12
213,0
214,3
215,3
216,3
217,1
218,3
219,3
220,12
221,1
222,6
223,0
224,4
225,12
226,3
227,0
228,0
229,8
230,1
231,15
232,15
233,3
234,0
235,0
236,3
237,1
238,1
239,3
240,1
241,7
242,3
243,6
244,3
245,1
246,12
247,9
248,6
249,2
250,3
251,0
252,0
253,4
254,15
255,16
256,9
257,4
258,0
259,1
260,10
261,14
262,0
263,8
264,0
265,16
266,0
267,10
268,10
269,1
270,0
271,15
272,5
273,4
274,4
275,15
276,9
277,14
278,9
279,1
280,9
281,14
282,0
283,15
284,15
285,2
286,13
287,9
288,5
289,0
290,10
291,5
292,0
293,15
294,12
295,13
296,0
297,2
298,4
299,0
300,5
301,0
302,0
303,0
304,1
305,1
306,5
307,1
308,13
309,11
310,0
311,0
312,0
313,16
314,3
315,2
316,14
317,0
318,16
319,8
320,0
321,16
322,1
323,5
324,0
325,1
326,9
327,14
328,0
329,0
330,1
331,2
332,16
333,14
334,9
335,8
336,0
337,0
338,8
339,0
340,1
341,4
342,2
343,1
344,1
345,1
346,0
347,16
348,11
349,0
350,0
351,9
352,15
353,2
354,0
355,0
356,0
357,0
358,5
359,2
360,0
361,3
362,9
363,13
364,3
365,0
366,11
367,10
368,1
369,10
370,4
371,5
372,0
373,12
374,0
375,15
376,0
377,1
378,16
379,16
380,1
381,1
382,1
383,5
384,0
385,15
386,4
387,0
388,2
389,0
390,1
391,1
392,2
393,1
394,14
395,16
396,9
397,9
398,9
399,0
400,15
401,12
402,0
403,5
404,1
405,0
406,16
407,7
408,14
409,2
410,15
411,0
412,0
413,0
414,10
415,0
416,1
417,13
418,9
419,7
420,4
421,2
422,9
423,1
424,16
425,0
426,1
427,2
428,15
429,9
430,0
431,0
432,12
433,14
434,11
435,8
436,3
437,7
438,2
439,6
440,9
441,0
442,1
443,2
444,0
445,9
446,1
447,4
448,1
449,16
450,1
451,0
452,1
453,6
454,3
455,8
456,0
457,16
458,1
459,0
460,0
461,2
462,13
463,0
464,16
465,11
466,0
467,7
468,8
469,14
470,2
471,1
472,5
473,9
474,14
475,4
476,11
477,16
478,0
479,6
480,5
481,10
482,0
483,2
484,14
485,8
486,1
487,7
488,10
489,11
490,4
491,1
492,0
493,2
494,0
495,1
496,16
497,6
498,4
499,3
500,0
501,6
502,5
503,6
504,11
505,0
506,6
507,3
508,13
509,13
510,13
511,11
512,1
513,2
514,13
515,0
516,9
517,9
518,0
519,2
520,15
521,5
522,0
523,2
524,11
525,0
526,3
527,9
528,1
529,0
530,0
531,3
532,0
533,0
534,16
535,3
536,6
537,0
538,11
539,9
540,0
541,4
542,11
543,12
544,0
545,14
546,11
547,6
548,0
549,13
550,0
551,7
552,10
553,4
554,1
555,0
556,0
557,10
558,9
559,0
560,1
561,2
562,3
563,12
564,3
565,1
566,0
567,15
568,3
569,15
570,2
571,0
572,0
573,12
574,4
575,4
576,0
577,16
578,1
579,0
580,0
581,0
582,1
583,1
584,1
585,0
586,3
587,4
588,0
589,2
590,0
591,4
592,1
593,13
594,0
595,1
596,15
597,5
598,0
599,3
600,16
601,3
602,11
603,0
604,3
605,8
606,3
607,2
608,8
609,6
610,14
611,3
612,12
613,8
614,10
615,1
616,0
617,2
618,1
619,0
620,6
621,2
622,0
623,2
624,1
625,9
626,5
627,9
628,1
629,8
630,7
631,0
632,1
633,0
634,0
635,3
636,0
637,8
638,0
639,1
640,1
641,0
642,14
643,2
644,5
645,16
646,0
647,1
648,0
649,4
650,2
651,0
652,9
653,0
654,13
655,12
656,12
657,4
658,0
659,14
660,7
661,1
662,1
663,14
664,8
665,2
666,7
667,6
668,0
669,7
670,0
671,7
672,14
673,12
674,8
675,1
676,16
677,3
678,10
679,13
680,0
681,5
682,9
683,16
684,3
685,11
686,9
687,12
688,4
689,1
690,4
691,2
692,3
693,2
694,1
695,0
696,5
697,5
698,12
699,0
700,14
701,4
702,0
703,0
704,0
705,0
706,0
707,0
708,0
709,0
710,0
711,0
712,0
713,0
714,12
715,7
716,8
717,13
718,16
719,12
720,6
721,6
722,6
723,14
725,4
726,0
727,0
728,15
729,1
730,3
731,2
732,12
733,4
734,1
735,10
736,11
737,4
738,4
739,0
740,11
741,0
742,11
743,16
744,0
745,14
746,11
747,5
748,1
749,11
750,2
751,0
752,2
753,4
754,3
755,5
756,14
757,7
758,2
759,2
760,0
761,10
762,0
763,14
764,2
765,8
766,1
767,13
768,0
769,10
770,13
771,14
772,2
773,4
774,2
775,13
776,3
777,5
778,9
779,8
780,0
781,0
782,9
783,15
784,9
785,5
786,2
787,1
788,0
789,7
790,12
791,3
792,1
793,12
794,15
795,0
796,11
797,9
798,3
799,9
800,15
801,15
802,3
803,3
804,10
805,6
806,10
807,2
808,14
809,5
810,0
811,1
812,6
813,2
814,8
815,1
816,0
817,2
818,5
819,13
820,13
821,3
822,12
823,8
824,9
825,12
826,0
827,8
828,2
829,16
830,16
831,4
832,3
833,5
834,5
835,0
836,6
837,10
838,5
839,6
840,2
841,3
842,3
843,3
844,5
845,15
846,10
847,3
848,10
849,14
850,5
851,12
852,4
853,3
854,3
855,8
856,16
857,11
858,10
859,6
860,4
861,9
862,4
863,4
864,12
865,16
866,5
867,0
868,1
869,4
870,12
871,9
872,3
873,3
874,7
875,11
876,3
877,1
878,0
879,0
880,4
881,12
882,1
883,0
884,15
885,1
886,2
887,2
888,0
889,2
890,0
891,8
892,14
893,2
894,2
895,8
896,16
897,13
898,10
899,1
900,1
901,12
902,15
903,5
904,15
905,2
906,0
907,12
908,5
909,2
910,2
911,4
912,10
913,4
914,4
915,9
916,10
917,1
918,4
919,8
920,3
921,1
922,4
923,4
924,4
925,13
926,10
927,3
928,10
929,12
930,9
931,3
932,14
933,6
934,12
935,2
936,6
937,5
938,12
939,15
940,3
941,0
942,10
943,0
944,10
945,2
946,11
947,15
948,14
949,4
950,14
951,4
952,4
953,7
954,0
955,15
956,8
957,0
958,16
959,4
960,5
961,16
962,0
963,0
964,13
965,2
966,2
967,9
968,0
969,2
970,3
971,0
972,0
973,0
974,0
975,5
976,7
977,9
978,1
979,5
980,4
982,0
983,3
984,2
985,4
986,4
987,10
988,3
989,16
990,3
991,16
992,4
993,7
994,10
995,5
996,2
997,7
998,14
999,12
1000,5
1001,5
1002,2
1003,3
1004,0
1005,8
1006,0
1007,0
1008,0
1009,2
1010,12
1011,2
1012,14
1013,5
1014,7
1015,12
1016,12
1017,0
1018,12
1019,16
1020,15
1021,16
1022,11
1023,16
1024,11
1025,0
1026,12
1027,7
1028,12
1029,7
1030,5
1031,6
1032,12
1033,3
1034,11
1035,5
1036,8
1037,10
1038,2
1039,4
1040,16
1041,11
1042,3
1043,5
1044,15
1045,4
1046,4
1047,4
1048,9
1049,0
1050,5
1051,4
1052,15
1053,16
1054,0
1055,9
1056,9
1057,14
1058,12
1059,2
1060,16
1061,4
1062,3
1063,9
1064,12
1065,1
1066,9
1067,8
1068,5
1069,3
1070,16
1071,5
1072,3
1073,15
1074,3
1075,14
1076,16
1077,14
1078,0
1079,0
1080,13
1081,2
1082,0
1083,8
1084,0
1085,8
1086,16
1087,2
1088,3
1089,2
1090,0
1091,16
1092,4
1093,4
1094,4
1095,0
1096,13
1097,5
1098,4
1099,16
1100,4
1101,4
1102,3
1103,7
1104,7
1105,14
1106,16
1107,10
1108,6
1109,9
1110,4
1111,10
1112,12
1113,15
1114,13
1115,16
1116,14
1117,16
1118,3
1119,4
1120,9
1121,16
1122,15
1123,0
1124,16
1125,16
1126,2
1127,1
1128,2
1129,0
1130,0
1131,4
1132,12
1133,1
1134,4
1135,8
1136,4
1137,3
1138,4
1139,13
1140,5
1141,4
1142,16
1143,10
1144,1
1145,1
1146,2
1147,8
1148,5
1149,11
1150,13
1151,4
1152,13
1153,11
1154,2
1155,11
1156,13
1157,10
1158,3
1159,15
1160,8
1161,0
1162,16
1163,5
1164,12
1165,1
1166,4
1167,7
1168,1
1169,4
1170,5
1171,16
1172,0
1173,4
1174,13
1175,2
1176,0
1177,16
1178,1
1179,0
1180,1
1181,15
1182,3
1183,11
1184,12
1185,9
1186,13
1187,3
1188,1
1189,8
1190,9
1191,16
1192,12
1193,10
1194,3
1195,8
1196,9
1197,16
1198,13
1199,16
1200,4
1201,6
1202,2
1203,2
1204,4
1205,10
1206,16
1207,4
1208,4
1209,3
1210,4
1211,6
1212,4
1213,4
1214,9
1215,4
1216,15
1217,4
1218,10
1219,4
1220,3
1221,4
1222,10
1223,4
1224,8
1225,4
1226,4
1227,4
1228,12
1229,14
1230,10
1231,10
1232,13
1233,3
1234,16
1235,15
1236,10
1237,14
1238,3
1239,5
1240,10
1241,4
1242,10
1243,3
1244,10
1245,2
1246,16
1247,13
1248,9
1249,3
1250,3
1251,16
1252,0
1253,12
1254,14
1255,13
1256,4
1257,12
1258,12
1259,16
1260,7
1261,11
1262,0
1263,11
1264,1
1265,11
1266,7
1267,2
1268,15
1269,11
1270,15
1271,4
1272,3
1273,3
1274,10
1275,1
1276,3
1277,5
1278,2
1279,11
1280,7
1281,1
1282,10
1283,2
1284,13
1285,0
1286,7
1287,12
1288,16
1289,0
1290,16
1291,14
1292,16
1293,14
1294,0
1295,4
1296,16
1297,5
1298,16
1299,11
1300,12
1301,16
1302,16
1303,16
1304,10
1305,4
1306,16
1307,7
1308,9
1309,15
1310,15
1311,9
1312,9
1313,15
1314,12
1315,4
1316,8
1317,4
1318,16
1319,4
1320,1
1321,11
1322,3
1323,11
1324,13
1325,8
1326,1
1327,4
1329,4
1330,4
1331,3
1332,4
1333,5
1334,12
1335,4
1336,11
1337,11
1338,1
1339,0
1340,15
1341,13
1342,6
1343,3
1344,7
1345,16
1346,5
1347,16
1348,7
1349,3
1350,15
1351,12
1352,5
1353,16
1354,6
1355,1
1356,14
1357,0
1358,6
1359,3
1360,12
1361,10
1362,14
1363,1
1364,0
1365,10
1366,16
1367,7
1368,12
1369,5
1370,10
1371,10
1372,9
1373,0
1374,2
1375,1
1376,0
1377,6
1378,11
1379,1
1380,12
1381,2
1382,0
1383,2
1384,1
1385,4
1386,13
1387,7
1388,4
1389,1
1390,16
1391,8
1392,1
1393,1
1394,7
1395,2
1396,5
1397,16
1398,4
1399,13
1400,16
1401,8
1402,4
1403,5
1404,13
1405,13
1406,4
1407,4
1408,1
1409,12
1410,9
1411,0
1413,0
1414,4
1415,11
1416,9
1417,16
1418,16
1419,4
1420,2
1421,16
1422,15
1423,16
1424,8
1425,4
1426,13
1427,1
1428,6
1429,16
1430,14
1431,2
1432,2
1433,6
1434,14
1435,14
1436,6
1437,9
1438,15
1439,1
1440,3
1441,2
1442,13
1443,1
1444,3
1445,12
1446,0
1447,2
1448,5
1449,3
1450,7
1451,4
1452,4
1453,15
1454,7
1455,15
1456,0
1457,0
1458,5
1459,3
1460,13
1461,11
1462,10
1463,15
1464,6
1465,13
1466,0
1467,13
1468,13
1469,0
1470,4
1471,4
1472,11
1473,0
1474,1
1475,4
1476,5
1477,3
1478,4
1479,4
1480,4
1481,4
1482,3
1483,13
1484,2
1485,0
1486,0
1487,1
1488,11
1489,16
1490,16
1491,0
1492,0
1493,12
1494,12
1495,12
1496,11
1497,6
1498,12
1499,6
1500,5
1501,8
1502,10
1503,9
1504,10
1505,7
1506,7
1507,2
1508,16
1510,16
1511,5
1512,4
1513,5
1514,3
1515,1
1516,4
1517,5
1518,3
1519,12
1520,13
1521,0
1522,2
1523,5
1524,9
1525,2
1526,12
1527,5
1528,10
1529,15
1530,0
1531,12
1532,7
1533,7
1534,1
1535,14
1536,1
1537,10
1538,2
1539,5
1540,11
1541,9
1542,3
1543,0
1544,13
1545,6
1546,13
1547,13
1548,6
1549,13
1550,13
1551,3
1552,0
1553,2
1554,4
1555,4
1556,13
1557,3
1558,11
1559,13
1560,2
1561,14
1562,1
1563,8
1564,1
1565,0
1566,14
1567,6
1568,8
1569,8
1570,2
1571,2
1572,4
1573,13
1574,10
1575,12
1576,16
1577,1
1578,0
1579,10
1580,11
1581,3
1582,2
1583,4
1584,4
1585,4
1586,8
1587,14
1588,14
1589,0
1590,7
1591,0
1592,11
1593,2
1594,0
1595,6
1596,0
1597,5
1598,13
1599,2
1600,16
1601,3
1602,15
1603,4
1604,5
1605,3
1606,2
1607,7
1608,0
1609,0
1610,1
1611,12
1612,14
1613,4
1614,8
1615,8
1616,4
1617,12
1618,12
1619,3
1620,8
1621,12
1622,3
1624,0
1625,10
1626,11
1627,13
1628,6
1629,9
1630,6
1631,1
1632,9
1633,1
1634,6
1635,14
1636,2
1637,1
1638,5
1639,4
1640,13
1641,16
1642,16
1643,0
1644,0
1645,0
1646,5
1647,10
1648,5
1649,2
1650,9
1651,14
1652,2
1653,1
1654,0
1655,0
1656,9
1657,2
1659,1
1660,10
1661,10
1662,9
1663,9
1664,8
1665,14
1667,1
1668,0
1669,16
1670,0
1671,2
1672,7
1673,1
1674,13
1675,15
1676,12
1677,0
1679,1
1680,15
1681,11
1682,11
1683,0
1684,6
1685,8
1686,3
1687,5
1688,12
1689,5
1690,1
1691,0
1692,11
1693,11
1694,1
1695,13
1696,13
1697,13
1698,9
1699,1
1700,5
1701,8
1702,12
1703,10
1704,11
1705,10
1706,8
1707,14
1708,14
1709,5
1710,7
1711,2
1712,7
1713,9
1714,11
1715,0
1716,0
1717,13
1718,3
1719,0
1720,10
1721,3
1722,5
1723,5
1724,13
1725,16
1726,11
1727,1
1728,12
1729,6
1730,5
1731,16
1732,8
1733,4
1734,0
1735,3
1736,2
1737,4
1738,3
1739,2
1740,16
1741,6
1742,10
1743,2
1744,2
1745,0
1746,0
1747,9
1748,4
1749,14
1750,15
1751,0
1752,6
1753,16
1754,1
1755,4
1756,4
1757,1
1758,0
1759,1
1760,4
1761,4
1762,5
1763,9
1764,4
1765,12
1766,3
1767,16
1768,1
1769,2
1770,3
1771,16
1772,3
1773,16
1774,7
1775,12
1776,12
1777,9
1778,3
1779,15
1780,16
1781,3
1782,0
1783,13
1784,16
1785,10
1786,8
1787,16
1788,4
1789,0
1790,2
1791,3
1792,13
1793,4
1794,16
1795,6
1796,4
1797,2
1798,4
1799,4
1800,4
1801,4
1802,10
1803,14
1804,3
1805,7
1806,2
1807,1
1808,16
1809,1
1810,3
1811,4
1812,16
1813,4
1814,5
1815,4
1816,12
1817,2
1818,16
1819,8
1820,1
1821,0
1822,0
1823,0
1824,3
1825,8
1826,6
1827,5
1828,12
1829,8
1830,11
1831,0
1832,0
1833,0
1834,6
1835,0
1837,7
1838,1
1839,16
1840,3
1841,2
1842,4
1843,8
1844,15
1845,10
1846,5
1847,9
1848,7
1850,11
1851,1
1852,1
1853,0
1854,16
1855,5
1856,2
1857,2
1858,0
1859,7
1860,16
1861,16
1862,0
1863,0
1864,4
1865,1
1866,1
1868,16
1869,14
1870,4
1871,2
1872,7
1873,12
1874,14
1875,1
1876,11
1877,13
1878,15
1879,15
1880,14
1881,12
1882,5
1883,0
1884,1
1885,16
1886,16
1887,3
1888,2
1889,7
1890,13
1891,0
1892,1
1893,2
1894,8
1895,2
1896,12
1897,7
1898,14
1899,1
1900,3
1901,0
1902,1
1903,0
1904,3
1905,6
1906,16
1907,6
1908,0
1909,6
1910,12
1911,2
1912,7
1913,11
1914,11
1915,10
1916,5
1917,12
1918,12
1919,0
1920,1
1921,2
1922,5
1923,1
1924,14
1925,0
1926,0
1927,15
1928,13
1929,15
1930,0
1931,0
1932,16
1933,4
1934,4
1935,3
1936,5
1937,4
1938,12
1939,0
1940,16
1941,3
1942,2
1943,2
1944,9
1945,10
1946,16
1947,12
1948,0
1949,10
1950,2
1951,7
1952,5
1953,8
1954,2
1955,14
1956,3
1957,3
1958,4
1959,6
1960,4
1961,16
1962,2
1963,0
1964,10
1965,3
1966,16
1967,11
1968,2
1969,7
1970,0
1971,2
1972,2
1973,3
1974,2
1975,7
1976,0
1977,0
1978,10
1979,5
1980,2
1981,1
1982,3
1983,3
1984,0
1985,7
1986,4
1987,5
1988,0
1989,16
1990,14
1991,14
1992,4
1993,14
1994,0
1995,3
1996,13
1997,2
1998,2
1999,1
2000,8
2001,0
2002,6
2003,3
2004,15
2005,2
2006,1
2007,15
2008,0
2009,4
2010,0
2011,5
2012,16
2013,0
2014,13
2016,4
2017,5
2018,7
2019,5
2020,3
2021,6
2022,8
2023,2
2024,0
2025,4
2026,8
2027,2
2028,0
2029,11
2030,0
2031,0
2032,8
2033,0
2034,16
2035,10
2036,5
2037,9
2038,16
2039,12
2040,5
2041,12
2042,2
2043,7
2044,4
2045,1
2046,4
2047,16
2048,0
2049,12
2050,15
2051,3
2052,3
2053,3
2054,13
2055,3
2056,12
2057,0
2058,12
2059,2
2060,7
2061,4
2062,5
2063,14
2064,5
2065,16
2066,5
2067,5
2068,0
2069,8
2070,3
2071,10
2072,2
2073,0
2074,1
2075,3
2076,11
2077,13
2078,0
2079,15
2080,12
2081,4
2082,9
2083,5
2084,5
2085,3
2086,2
2087,12
2088,12
2089,1
2090,6
2091,10
2092,4
2093,3
2094,6
2095,0
2096,9
2097,16
2098,8
2099,2
2100,5
2101,15
2102,11
2103,6
2104,13
2105,2
2106,12
2107,1
2108,13
2109,14
2110,2
2111,16
2112,15
2113,13
2114,10
2115,4
2116,7
2117,2
2118,0
2119,8
2120,5
2121,14
2122,2
2123,8
2124,0
2125,0
2126,2
2127,6
2128,4
2129,0
2130,11
2131,6
2132,6
2133,0
2134,4
2135,8
2136,9
2137,9
2138,5
2139,15
2140,5
2141,3
2142,7
2143,6
2144,6
2145,6
2146,10
2147,10
2148,2
2149,5
2150,14
2151,13
2152,3
2153,2
2154,14
2155,1
2156,10
2157,10
2158,2
2159,1
2160,0
2161,5
2162,0
2163,11
2164,6
2165,4
2166,7
2167,0
2168,7
2169,2
2170,13
2171,1
2172,12
2173,12
2174,6
2175,0
2176,3
2177,3
2178,0
2179,6
2180,0
2181,16
2182,2
2183,16
2184,5
2185,5
2186,0
2187,0
2188,1
2189,3
2190,1
2191,11
2192,9
2193,3
2194,1
2195,6
2196,7
2197,12
2198,14
2200,5
2201,2
2202,1
2203,1
2204,1
2205,5
2206,4
2207,16
2208,15
2209,1
2210,1
2211,7
2212,15
2213,7
2214,10
2215,2
2216,4
2217,13
2218,0
2219,2
2220,12
2221,0
2222,16
2223,4
2224,0
2225,3
2226,1
2227,10
2228,13
2229,10
2230,12
2231,2
2232,5
2233,1
2234,6
2235,15
2236,15
2237,5
2238,4
2239,5
2240,5
2241,7
2242,15
2243,11
2244,0
2245,0
2246,7
2247,11
2248,9
2249,6
2250,8
2252,12
2253,0
2254,1
2255,3
2256,2
2257,0
2258,5
2259,4
2260,2
2261,16
2262,11
2263,1
2264,16
2265,9
2266,8
2267,5
2268,16
2269,2
2270,12
2271,7
2272,7
2273,5
2274,2
2275,0
2276,1
2277,0
2278,2
2279,12
2280,7
2281,10
2282,16
2283,15
2284,11
2285,11
2286,2
2287,3
2288,6
2289,1
2290,5
2292,12
2293,3
2294,5
2295,9
2296,14
2297,6
2298,8
2299,4
2300,10
2301,3
2302,11
2303,2
2304,11
2305,0
2306,2
2307,11
2308,10
2309,0
2310,1
2311,16
2312,4
2313,14
2314,3
2315,0
2316,3
2317,16
2318,11
2319,3
2320,2
2321,10
2322,0
2323,3
2324,13
2325,14
2326,8
2327,10
2328,14
2329,14
2330,0
2331,5
2332,2
2333,8
2334,11
2335,5
2336,5
2337,5
2338,13
2339,13
2340,5
2341,3
2342,4
2343,3
2344,2
2345,1
2346,4
2347,14
2348,11
2349,11
2350,12
2351,1
2352,11
2353,0
2354,0
2355,11
2357,3
2358,9
2359,1
2360,14
2362,1
2363,13
2364,0
2365,13
2366,6
2367,9
2368,4
2369,16
2370,3
2371,1
2372,0
2373,2
2374,1
2375,12
2376,4
2377,7
2378,6
2379,2
2380,16
2381,8
2382,5
2383,3
2384,5
2385,15
2386,12
2387,0
2388,1
2389,2
2390,1
2391,2
2392,0
2393,16
2394,1
2395,16
2396,13
2397,2
2398,14
2399,10
2400,2
2401,1
2402,11
2403,5
2404,0
2405,0
2406,16
2407,2
2408,0
2409,15
2410,3
2411,2
2412,4
2413,11
2414,6
2415,10
2416,16
2417,14
2418,0
2419,7
2420,14
2421,10
2422,0
2423,4
2424,0
2425,10
2426,1
2428,13
2429,0
2430,7
2431,3
2432,0
2433,2
2434,1
2436,11
2437,12
2438,12
2439,1
2440,10
2441,8
2442,5
2443,13
2444,16
2445,2
2446,3
2447,11
2448,11
2449,2
2450,0
2451,9
2452,4
2453,1
2454,12
2455,15
2456,12
2457,13
2458,0
2459,8
2460,16
2461,12
2462,15
2463,16
2464,13
2465,3
2466,13
2467,1
2468,1
2469,3
2470,12
2471,12
2473,4
2474,4
2475,1
2476,5
2477,2
2478,1
2479,3
2480,1
2481,10
2482,11
2483,7
2484,6
2485,15
2486,14
2487,12
2488,16
2489,10
2490,1
2491,9
2492,12
2493,5
2494,0
2495,6
2496,8
2497,2
2498,12
2499,7
2500,10
2501,8
2502,16
2503,14
2504,15
2505,11
2506,1
2507,5
2508,8
2509,0
2510,9
2511,1
2512,7
2513,14
2514,0
2515,13
2516,9
2517,10
2518,10
2519,3
2520,2
2521,1
2522,2
2523,0
2524,5
2525,0
2526,2
2527,13
2528,16
2529,0
2530,8
2531,2
2532,2
2533,16
2534,0
2535,0
2536,13
2537,0
2538,2
2539,3
2540,12
2541,6
2542,4
2543,16
2544,0
2545,3
2546,3
2547,4
2548,5
2549,0
2550,10
2551,13
2552,9
2553,2
2554,9
2555,10
2556,7
2557,11
2558,1
2560,13
2561,2
2562,10
2563,10
2564,1
2566,0
2567,1
2568,1
2569,2
2570,0
2571,5
2572,12
2573,14
2574,3
2575,5
2577,10
2578,13
2579,16
2580,16
2581,7
2582,14
2583,2
2584,4
2585,13
2586,4
2587,4
2588,16
2589,10
2590,16
2591,8
2592,12
2593,7
2594,12
2595,6
2596,4
2597,2
2598,1
2599,0
2600,1
2601,5
2602,10
2603,2
2604,1
2605,0
2606,16
2607,5
2608,4
2609,16
2610,16
2611,16
2612,13
2613,4
2614,16
2615,1
2616,0
2617,6
2618,5
2619,14
2620,7
2621,15
2622,1
2623,11
2624,4
2625,5
2626,7
2627,15
2628,1
2629,0
2630,2
2631,0
2632,0
2633,8
2634,12
2635,2
2636,9
2637,13
2638,16
2639,11
2640,16
2641,2
2642,7
2643,7
2644,0
2645,4
2646,16
2647,2
2648,16
2649,3
2650,11
2651,8
2652,0
2653,3
2654,8
2655,10
2656,8
2657,4
2658,9
2659,8
2660,3
2661,14
2662,0
2663,11
2664,2
2665,5
2666,1
2667,13
2668,2
2669,15
2670,7
2671,10
2672,16
2673,4
2674,3
2675,0
2676,10
2677,9
2678,1
2679,5
2681,16
2682,0
2683,11
2684,6
2685,4
2686,5
2687,16
2688,15
2689,16
2690,1
2691,1
2692,0
2693,3
2694,14
2695,12
2696,1
2697,0
2698,13
2699,2
2700,5
2701,14
2702,2
2703,16
2704,1
2705,1
2706,3
2707,11
2708,3
2709,2
2710,11
2711,0
2712,2
2713,2
2714,5
2715,15
2716,15
2717,1
2718,13
2719,5
2720,12
2721,2
2722,10
2723,0
2724,10
2725,5
2726,0
2727,12
2728,11
2729,7
2730,1
2731,6
2732,5
2733,0
2734,0
2735,2
2736,2
2737,2
2738,0
2739,1
2740,0
2741,0
2742,1
2743,2
2744,5
2745,11
2746,15
2747,13
2748,6
2749,13
2751,14
2752,16
2753,1
2754,2
2755,11
2756,1
2757,10
2759,0
2760,5
2761,14
2762,3
2763,11
2764,3
2765,11
2766,2
2767,13
2768,0
2769,2
2770,0
2771,6
2772,16
2773,7
2774,3
2775,2
2776,11
2777,4
2778,13
2779,1
2780,1
2781,0
2782,0
2783,6
2784,5
2785,9
2786,16
2787,2
2788,11
2789,1
2790,12
2791,3
2792,3
2793,15
2794,2
2795,8
2796,12
2797,8
2798,14
2799,6
2800,11
2801,2
2803,1
2804,2
2805,0
2806,0
2807,6
2808,0
2809,0
2810,5
2811,0
2812,0
2813,15
2814,3
2815,2
2816,5
2817,1
2818,16
2819,1
2820,0
2821,0
2822,7
2823,15
2824,16
2825,0
2826,5
2827,2
2828,5
2829,1
2830,1
2831,14
2832,7
2833,2
2834,11
2835,1
2836,0
2837,9
2838,16
2839,14
2840,0
2841,16
2842,0
2843,16
2844,5
2845,7
2846,2
2847,3
2848,1
2849,13
2850,5
2851,0
2852,5
2853,12
2854,15
2855,1
2856,0
2857,10
2858,0
2859,3
2860,6
2861,6
2862,16
2863,13
2864,6
2865,2
2866,0
2867,16
2868,11
2869,4
2870,11
2871,9
2872,0
2873,3
2874,9
2875,12
2876,7
2877,14
2878,12
2879,2
2880,0
2881,1
2882,8
2883,14
2884,6
2885,2
2886,15
2887,1
2888,0
2889,0
2890,0
2891,2
2892,5
2893,0
2894,4
2895,1
2896,0
2897,10
2898,5
2899,9
2900,0
2901,16
2902,3
2903,10
2904,1
2905,4
2906,2
2907,2
2908,16
2909,16
2910,2
2911,2
2912,1
2913,0
2914,5
2915,15
2916,13
2917,5
2918,4
2919,10
2920,2
2921,7
2922,6
2923,1
2924,2
2925,4
2926,5
2927,2
2928,2
2929,2
2930,16
2931,5
2932,1
2933,15
2934,7
2935,8
2936,2
2937,11
2938,4
2939,16
2940,11
2941,0
2942,5
2943,14
2944,4
2945,3
2946,16
2947,10
2948,16
2949,4
2950,2
2951,16
2952,12
2953,1
2954,3
2955,11
2956,3
2957,14
2958,2
2959,16
2960,0
2961,2
2962,1
2963,10
2964,0
2965,14
2966,12
2967,8
2968,5
2969,0
2970,2
2971,2
2972,0
2973,5
2974,14
2975,2
2976,11
2977,16
2978,2
2979,16
2980,4
2981,10
2982,6
2983,14
2984,0
2985,4
2986,12
2987,13
2988,5
2989,6
2990,6
2991,11
2992,0
2993,12
2994,6
2995,15
2996,2
2997,1
2998,14
2999,0
3000,10
3001,2
3002,13
3003,0
3004,0
3005,1
3006,1
3007,3
3008,6
3009,8
3010,14
3011,2
3012,1
3013,0
3014,14
3015,2
3016,16
3017,0
3018,5
3019,9
3020,14
3021,1
3022,10
3023,4
3024,6
3026,15
3027,16
3028,11
3029,1
3030,0
3031,0
3032,11
3033,9
3034,14
3035,2
3036,11
3037,11
3038,5
3039,1
3040,4
3041,8
3042,13
3043,11
3044,11
3045,11
3046,10
3047,11
3048,6
3049,11
3050,13
3051,9
3052,0
3053,12
3054,1
3055,4
3056,7
3057,14
3058,6
3059,5
3060,1
3061,11
3062,16
3063,16
3064,10
3065,10
3066,3
3067,2
3068,0
3069,11
3070,11
3071,11
3072,0
3073,0
3074,0
3075,6
3076,3
3077,10
3078,0
3079,4
3080,16
3081,15
3082,11
3083,0
3084,10
3085,11
3086,16
3087,1
3088,1
3089,0
3090,2
3091,2
3092,1
3093,11
3094,10
3095,11
3096,0
3097,13
3098,2
3099,2
3100,15
3101,13
3102,1
3103,5
3104,15
3105,16
3106,3
3107,11
3108,16
3109,0
3110,1
3111,3
3112,3
3113,2
3114,16
3115,1
3116,1
3117,10
3118,16
3119,4
3120,13
3121,14
3122,14
3123,10
3124,0
3125,0
3126,2
3127,1
3128,15
3129,0
3130,1
3131,5
3132,2
3133,2
3134,15
3135,13
3136,0
3137,3
3138,1
3139,10
3140,3
3141,1
3142,1
3143,5
3144,2
3145,4
3146,7
3147,3
3148,0
3149,0
3150,11
3151,0
3152,0
3153,0
3154,1
3155,8
3156,2
3157,11
3158,1
3159,14
3160,2
3161,1
3162,3
3163,14
3164,14
3165,0
3166,5
3167,12
3168,6
3169,1
3170,1
3171,12
3172,14
3173,16
3174,0
3175,1
3176,3
3177,2
3178,16
3179,0
3180,4
3181,6
3182,16
3183,14
3184,3
3185,16
3186,0
3187,12
3188,16
3189,7
3190,10
3191,11
3192,1
3193,3
3194,0
3195,1
3196,5
3197,12
3198,6
3199,10
3200,5
3201,4
3202,4
3203,4
3204,0
3205,3
3206,4
3207,5
3208,0
3209,0
3210,7
3211,4
3212,4
3213,15
3214,7
3215,9
3216,4
3217,2
3218,14
3219,5
3220,2
3221,6
3222,10
3223,10
3224,10
3225,2
3226,9
3227,5
3228,15
3229,0
3230,14
3231,0
3232,10
3233,9
3234,13
3235,7
3236,11
3237,2
3238,9
3239,6
3240,10
3241,0
3242,0
3243,14
3245,12
3246,0
3247,16
3248,1
3249,16
3250,0
3251,1
3252,12
3253,14
3254,6
3255,5
3256,0
3257,14
3258,5
3259,0
3260,12
3261,14
3262,5
3263,1
3264,0
3265,7
3266,1
3267,3
3268,5
3269,6
3270,0
3271,13
3272,0
3273,0
3274,0
3275,0
3276,13
3277,13
3278,12
3279,11
3280,3
3281,11
3282,5
3283,12
3284,1
3285,6
3286,11
3287,7
3288,11
3289,16
3290,8
3291,13
3292,7
3293,1
3294,11
3295,11
3296,0
3297,11
3298,15
3299,0
3300,16
3301,2
3302,16
3303,2
3304,1
3305,0
3306,6
3307,16
3308,14
3309,2
3310,4
3311,16
3312,16
3313,5
3314,12
3315,1
3316,14
3317,16
3318,16
3319,15
3320,13
3321,1
3322,6
3323,15
3324,5
3325,4
3326,11
3327,1
3328,13
3329,6
3330,13
3331,16
3332,9
3333,14
3334,1
3335,11
3336,10
3337,16
3338,4
3339,2
3340,0
3341,14
3342,2
3343,8
3344,16
3345,16
3346,13
3347,1
3348,11
3349,1
3350,0
3351,9
3352,2
3353,11
3354,0
3355,11
3356,4
3357,5
3358,15
3359,3
3360,0
3361,16
3362,1
3363,9
3364,16
3365,5
3366,5
3367,5
3368,10
3369,5
3370,14
3371,5
3372,12
3373,16
3374,10
3375,12
3376,4
3377,15
3378,1
3379,0
3380,3
3381,16
3382,1
3383,11
3384,9
3385,7
3386,5
3387,3
3388,16
3389,16
3390,3
3391,7
3392,1
3393,5
3394,0
3395,14
3396,1
3397,10
3398,16
3399,14
3400,6
3401,0
3402,2
3403,14
3404,2
3405,14
3406,0
3407,14
3408,10
3409,5
3410,0
3411,0
3412,0
3413,6
3414,12
3415,0
3416,1
3417,1
3418,6
3419,5
3420,2
3421,16
3422,1
3423,16
3424,5
3425,9
3426,2
3427,1
3428,12
3429,2
3430,14
3431,16
3432,0
3433,2
3434,4
3435,11
3436,6
3438,0
3439,0
3440,10
3441,1
3442,7
3443,1
3444,15
3445,5
3446,2
3447,6
3448,4
3449,16
3450,16
3451,2
3452,0
3453,10
3454,0
3455,11
3456,6
3457,4
3458,14
3459,2
3460,11
3461,6
3462,2
3463,13
3464,14
3465,16
3466,14
3467,16
3468,0
3469,1
3470,0
3471,1
3472,3
3473,16
3474,0
3475,9
3476,0
3477,16
3478,16
3479,2
3480,2
3481,0
3482,10
3483,4
3484,13
3485,2
3486,3
3487,11
3488,16
3489,2
3490,3
3491,2
3492,2
3493,2
3494,12
3495,2
3496,1
3497,2
3498,11
3499,3
3500,0
3501,0
3502,13
3503,13
3504,8
3505,5
3506,4
3507,2
3508,14
3509,0
3510,7
3511,13
3512,14
3513,0
3514,0
3515,13
3516,6
3517,9
3518,12
3519,2
3520,15
3521,1
3522,8
3523,16
3524,10
3525,3
3526,2
3527,11
3528,3
3529,5
3530,7
3531,2
3532,4
3533,4
3534,9
3535,0
3536,0
3537,4
3538,9
3539,10
3540,16
3541,0
3542,11
3543,0
3544,8
3545,0
3546,2
3547,9
3548,2
3549,1
3550,2
3551,9
3552,9
3553,1
3554,16
3555,12
3556,2
3557,1
3558,0
3559,8
3560,8
3561,2
3562,1
3563,11
3564,7
3565,13
3566,15
3567,0
3568,8
3569,1
3570,10
3571,7
3572,1
3573,0
3574,12
3575,2
3576,16
3577,11
3578,2
3579,0
3580,1
3581,7
3582,0
3583,3
3584,12
3585,4
3586,14
3587,13
3588,5
3589,12
3590,7
3591,13
3592,2
3593,0
3594,7
3595,8
3596,4
3597,0
3598,4
3599,3
3600,1
3601,0
3602,0
3603,12
3604,12
3605,14
3606,12
3607,1
3608,1
3609,1
3610,5
3611,12
3612,1
3613,10
3614,0
3615,6
3616,3
3617,8
3618,10
3619,16
3620,8
3621,4
3622,14
3623,16
3624,13
3625,14
3626,13
3627,12
3628,12
3629,16
3630,1
3631,11
3632,0
3633,7
3634,12
3635,1
3636,0
3637,0
3638,14
3639,12
3640,1
3641,2
3642,7
3643,16
3644,1
3645,0
3646,10
3647,0
3648,0
3649,8
3650,9
3651,0
3652,4
3653,6
3654,0
3655,14
3656,12
3657,8
3658,15
3659,0
3660,12
3661,4
3662,10
3663,10
3664,5
3665,5
3666,14
3667,7
3668,5
3669,0
3670,12
3671,8
3672,2
3673,0
3674,3
3675,16
3676,9
3677,11
3678,0
3679,4
3680,4
3681,14
3682,10
3683,1
3684,15
3685,8
3686,0
3687,6
3688,16
3689,16
3690,5
3691,12
3692,0
3693,9
3694,11
3695,8
3696,0
3697,11
3698,11
3699,12
3700,0
3701,1
3702,12
3703,2
3704,3
3705,2
3706,11
3707,0
3708,0
3709,11
3710,16
3711,14
3712,4
3713,0
3714,1
3715,4
3716,14
3717,0
3718,0
3719,6
3720,3
3721,0
3722,7
3723,3
3724,5
3725,9
3726,4
3727,5
3728,5
3729,3
3730,9
3731,1
3732,9
3733,10
3734,16
3735,1
3736,2
3737,11
3738,8
3739,8
3740,4
3741,7
3742,4
3743,12
3744,10
3745,0
3746,2
3747,4
3748,11
3749,12
3750,5
3751,13
3752,14
3753,11
3754,8
3755,16
3756,12
3757,7
3758,2
3759,16
3760,16
3761,13
3762,3
3763,3
3764,16
3765,12
3766,9
3767,12
3768,8
3769,3
3770,15
3771,12
3772,13
3773,6
3774,10
3775,3
3776,13
3777,7
3778,1
3779,8
3780,2
3781,14
3782,4
3783,2
3784,0
3785,3
3787,12
3788,4
3789,11
3790,1
3791,0
3792,0
3793,0
3794,1
3795,15
3796,12
3797,1
3798,4
3799,2
3800,13
3801,14
3802,1
3803,2
3804,13
3805,1
3806,0
3807,16
3808,2
3809,0
3810,12
3811,8
3812,12
3813,11
3814,0
3815,5
3816,7
3817,5
3818,2
3819,1
3820,5
3821,12
3822,16
3823,1
3824,0
3825,3
3826,8
3827,4
3828,0
3829,5
3830,7
3831,4
3832,3
3833,3
3834,2
3836,9
3837,16
3838,1
3839,16
3840,6
3841,16
3842,3
3843,7
3844,12
3845,16
3846,4
3847,8
3848,10
3849,9
3850,3
3851,12
3852,1
3853,1
3854,0
3855,4
3856,10
3857,7
3858,4
3859,12
3860,1
3861,14
3862,16
3863,16
3864,12
3865,5
3866,5
3867,1
3868,15
3869,5
3870,12
3871,2
3872,1
3873,3
3874,10
3875,4
3876,5
3877,4
3878,4
3879,4
3880,2
3881,2
3882,3
3883,3
3884,10
3885,3
3886,6
3887,0
3888,13
3889,6
3890,4
3891,5
3892,12
3893,1
3894,0
3895,1
3896,16
3897,4
3898,4
3899,9
3900,4
3901,9
3902,4
3903,1
3904,16
3905,4
3906,4
3907,13
3908,16
3909,4
3910,8
3911,3
3912,12
3913,13
3914,9
3915,2
3916,4
3917,11
3918,1
3919,12
3920,4
3921,4
3922,4
3923,5
3924,8
3925,16
3926,6
3927,6
3928,16
3929,15
3930,1
3931,0
3932,12
3933,11
3934,1
3935,9
3936,6
3937,16
3938,1
3939,4
3940,9
3941,2
3942,4
3943,4
3944,1
3945,5
3946,5
3947,3
3948,15
3949,9
3950,4
3951,0
3952,16
3953,2
3954,1
3955,10
3956,5
3957,12
3958,16
3959,16
3960,10
3961,3
3962,3
3963,14
3964,0
3965,6
3966,6
3967,1
3968,4
3969,0
3970,14
3971,2
3972,16
3973,16
3974,16
3975,0
3976,4
3977,4
3978,16
3979,4
3980,4
3981,4
3982,16
3983,10
3984,4
3985,0
3986,14
3987,14
3988,4
3989,2
3990,4
3991,4
3992,13
3993,6
3994,12
3995,13
3996,13
3997,7
3998,7
3999,13
4000,14
4001,2
4002,8
4003,1
4004,2
4005,0
4006,5
4007,12
4008,16
4009,4
4010,2
4011,6
4012,13
4013,0
4014,14
4015,12
4016,10
4017,16
4018,5
4019,12
4020,2
4021,8
4022,0
4023,0
4024,0
4025,0
4026,2
4027,4
4028,3
4029,14
4030,7
4031,16
4032,16
4033,16
4034,16
4035,13
4036,13
4037,9
4038,8
4039,13
4040,0
4041,10
4042,7
4043,0
4044,0
4045,12
4046,1
4047,0
4048,0
4049,3
4050,6
4051,0
4052,2
4053,1
4054,1
4055,16
4056,11
4057,0
4058,2
4059,4
4060,10
4061,16
4062,0
4063,2
4064,13
4065,12
4066,16
4067,11
4068,0
4069,14
4070,0
4071,2
4072,1
4073,5
4074,11
4075,2
4076,0
4077,1
4078,6
4079,12
4080,16
4081,1
4082,7
4083,2
4084,0
4085,3
4086,12
4087,13
4088,11
4089,0
4090,16
4091,0
4092,13
4093,8
4094,14
4095,4
4096,0
4097,7
4098,15
4099,1
4100,0
4101,2
4102,16
4103,5
4104,12
4105,9
4106,15
4108,0
4109,14
4110,2
4111,0
4112,1
4113,1
4114,11
4115,2
4116,9
4117,1
4118,2
4119,10
4120,10
4121,1
4122,14
4123,3
4124,16
4125,8
4126,2
4127,4
4128,0
4129,16
4130,8
4131,4
4132,13
4133,12
4134,1
4135,0
4136,6
4137,16
4138,5
4139,12
4140,6
4141,16
4142,8
4143,16
4144,0
4145,0
4146,1
4147,16
4148,16
4149,14
4150,12
4151,8
4152,1
4153,14
4154,12
4155,0
4156,16
4157,0
4158,16
4159,4
4160,0
4161,13
4162,14
4163,16
4164,15
4165,15
4166,0
4167,4
4168,0
4169,16
4170,0
4171,0
4172,6
4173,11
4174,1
4175,15
4176,0
4177,0
4178,0
4179,11
4180,3
4181,11
4182,1
4183,1
4184,16
4185,16
4186,11
4187,7
4188,1
4189,2
4190,8
4191,1
4192,0
4193,16
4194,0
4195,0
4196,11
4197,16
4198,4
4199,9
4200,0
4201,16
4202,14
4203,4
4204,2
4205,1
4206,1
4207,16
4208,0
4209,4
4210,5
4211,2
4212,0
4213,16
4214,14
4215,1
4216,0
4217,4
4218,16
4219,1
4220,14
4221,16
4222,16
4223,14
4224,5
4225,10
4226,14
4227,5
4228,16
4229,2
4230,8
4231,1
4232,0
4233,1
4234,15
4235,14
4236,1
4237,0
4238,14
4239,15
4240,0
4241,0
4242,2
4243,16
4244,11
4245,12
4246,4
4247,7
4248,16
4249,16
4250,10
4251,6
4252,16
4253,12
4254,13
4255,12
4256,0
4257,1
4258,0
4259,11
4260,10
4261,16
4262,1
4263,16
4264,4
4265,12
4266,2
4267,0
4268,1
4269,12
4270,2
4271,1
4272,10
4273,6
4274,4
4275,12
4276,15
4277,16
4278,11
4279,0
4280,0
4281,15
4282,2
4283,3
4284,1
4285,1
4286,10
4287,12
4288,4
4289,13
4290,13
4291,8
4292,5
4293,9
4294,13
4295,9
4296,4
4297,10
4298,4
4299,9
4300,4
4301,10
4302,5
4303,12
4304,0
4305,15
4306,0
4307,0
4308,11
4309,16
4310,16
4311,16
4312,16
4313,12
4314,5
4315,8
4316,0
4317,16
4318,2
4319,5
4320,2
4321,16
4322,16
4323,4
4324,16
4325,10
4326,3
4327,0
4328,3
4329,11
4330,12
4331,5
4332,12
4333,16
4334,11
4335,12
4336,3
4337,0
4338,2
4339,0
4340,0
4341,1
4342,6
4343,7
4344,1
4345,7
4346,0
4347,2
4348,11
4349,12
4350,1
4351,2
4352,0
4353,15
4354,4
4355,2
4356,8
4357,12
4358,0
4359,14
4360,0
4361,8
4362,10
4363,0
4364,2
4365,9
4366,5
4367,15
4368,7
4369,1
4370,14
4371,0
4372,16
4373,2
4374,14
4375,13
4376,12
4377,16
4378,1
4379,13
4380,0
4382,1
4383,1
4384,6
4385,14
4386,15
4387,14
4388,11
4389,1
4390,2
4391,1
4392,12
4393,3
4394,0
4395,10
4396,1
4397,6
4398,3
4399,0
4400,7
4401,9
4402,8
4403,6
4404,12
4405,15
4406,0
4407,3
4408,11
4409,0
4410,6
4411,0
4412,3
4413,12
4414,0
4415,6
4417,1
4418,12
4419,8
4420,3
4421,3
4422,16
4423,14
4424,12
4425,3
4426,7
4427,16
4428,16
4429,8
4430,11
4431,0
4432,6
4433,7
4434,2
4435,0
4436,11
4437,13
4438,6
4439,16
4440,3
4441,16
4442,0
4443,9
4444,12
4445,7
4446,2
4447,6
4448,6
4449,6
4450,5
4451,0
4452,13
4453,16
4454,2
4455,1
4456,3
4458,15
4459,2
4460,11
4461,10
4462,2
4463,16
4464,0
4465,0
4466,1
4467,0
4469,1
4470,8
4471,8
4472,14
4473,6
4474,1
4475,5
4476,15
4477,5
4478,14
4479,10
4480,13
4481,10
4482,6
4483,0
4484,0
4485,10
4486,2
4487,15
4488,9
4489,1
4490,12
4491,6
4492,6
4493,5
4494,6
4495,0
4496,8
4497,8
4498,3
4499,16
4500,7
4501,2
4502,1
4503,0
4504,7
4505,9
4506,14
4507,6
4509,2
4510,1
4511,15
4512,1
4513,3
4514,10
4515,0
4516,8
4517,2
4518,2
4519,16
4520,11
4521,5
4522,5
4523,0
4524,13
4525,0
4526,3
4527,5
4528,1
4529,3
4530,2
4531,16
4532,4
4533,1
4534,8
4535,9
4536,4
4537,14
4538,2
4539,15
4540,0
4541,5
4542,0
4543,2
4544,8
4545,1
4546,14
4547,1
4548,0
4549,1
4550,7
4551,7
4552,10
4553,2
4554,5
4555,0
4556,0
4557,1
4558,0
4559,9
4560,15
4561,1
4562,0
4563,12
4564,4
4565,11
4566,1
4567,12
4568,12
4569,8
4570,3
4571,8
4572,0
4573,2
4574,10
4575,5
4576,2
4577,1
4578,12
4579,1
4580,0
4581,8
4582,2
4583,16
4584,7
4585,0
4586,16
4587,4
4588,1
4589,15
4590,16
4591,13
4592,13
4593,1
4594,1
4595,11
4596,3
4597,10
4598,5
4599,13
4601,11
4602,15
4603,12
4604,16
4605,1
4606,6
4607,5
4608,3
4609,12
4610,1
4611,16
4612,10
4613,8
4614,15
4615,12
4616,1
4617,10
4618,0
4619,1
4620,8
4621,0
4622,1
4623,1
4624,1
4625,2
4626,9
4627,4
4628,4
4629,4
4630,7
4631,5
4632,1
4633,7
4634,8
4635,5
4636,12
4637,14
4638,4
4639,0
4640,13
4641,15
4642,16
4643,13
4644,8
4645,1
4646,2
4647,11
4648,1
4650,0
4651,15
4652,16
4653,4
4654,8
4655,16
4656,11
4657,11
4658,1
4659,12
4660,14
4661,10
4662,15
4663,15
4664,15
4665,2
4666,2
4667,11
4668,4
4669,0
4670,12
4671,1
4672,6
4673,8
4674,2
4675,0
4676,10
4677,10
4678,10
4679,14
4680,0
4681,5
4682,1
4683,12
4684,11
4685,9
4686,12
4687,8
4688,8
4689,1
4690,7
4691,12
4692,0
4693,11
4694,1
4695,14
4696,4
4697,8
4698,9
4699,14
4700,6
4701,1
4702,3
4703,1
4704,10
4706,12
4707,13
4708,1
4709,1
4710,0
4711,11
4712,11
4714,1
4715,15
4716,2
4717,16
4718,16
4719,13
4720,10
4721,2
4722,3
4723,1
4724,0
4725,0
4726,7
4727,0
4728,0
4729,1
4730,16
4731,1
4732,0
4733,4
4734,0
4736,13
4737,15
4738,2
4739,0
4740,11
4741,5
4742,5
4743,6
4744,6
4745,15
4746,16
4747,4
4748,3
4749,14
4750,5
4751,7
4752,1
4753,0
4754,1
4755,2
4756,6
4757,4
4758,3
4759,3
4760,2
4761,10
4762,9
4763,0
4764,13
4765,5
4766,2
4767,0
4768,5
4769,4
4770,13
4771,5
4772,7
4773,5
4774,6
4775,6
4776,6
4777,0
4778,16
4779,9
4780,7
4781,0
4782,14
4783,0
4784,14
4785,2
4786,12
4787,1
4788,0
4789,8
4790,2
4791,4
4792,6
4793,3
4794,0
4795,7
4796,7
4797,0
4798,14
4799,0
4800,16
4801,0
4802,0
4803,10
4804,0
4805,9
4806,1
4807,10
4808,0
4809,14
4810,15
4811,0
4812,14
4813,12
4814,14
4815,4
4816,16
4817,16
4818,0
4819,9
4820,9
4821,10
4822,4
4823,10
4824,12
4825,16
4826,7
4827,16
4828,4
4829,6
4830,9
4831,15
4832,10
4833,10
4834,10
4835,4
4836,0
4837,7
4838,2
4839,0
4840,3
4841,0
4842,2
4843,4
4844,15
4845,16
4846,4
4847,15
4848,4
4849,4
4850,3
4851,0
4852,14
4853,14
4854,13
4855,9
4856,12
4857,0
4858,7
4859,4
4860,5
4861,5
4862,13
4863,9
4864,7
4865,4
4866,4
4867,10
4868,12
4869,4
4870,8
4871,3
4872,3
4873,4
4874,9
4875,4
4876,0
4877,7
4878,10
4879,7
4880,3
4881,10
4882,16
4883,4
4884,16
4885,9
4886,4
4887,4
4888,4
4889,15
4890,4
4891,4
4892,10
4893,16
4894,4
4895,10
4896,16
4897,14
4898,7
4899,13
4900,4
4901,15
4902,8
4903,4
4904,8
4905,7
4906,7
4907,5
4908,4
4909,0
4910,14
4911,1
4912,0
4913,0
4914,7
4915,5
4916,13
4917,4
4918,13
4919,16
4920,13
4921,4
4922,3
4923,4
4924,3
4925,6
4926,1
4927,0
4928,1
4929,8
4930,3
4931,6
4932,8
4933,13
4934,16
4935,16
4936,7
4937,0
4938,5
4939,14
4940,3
4941,13
4942,1
4943,0
4944,2
4945,7
4946,14
4947,13
4948,16
4949,0
4950,8
4951,4
4952,4
4953,4
4954,0
4955,1
4956,4
4957,0
4958,4
4959,16
4960,4
4961,7
4962,9
4963,3
4964,16
4965,14
4966,0
4967,12
4968,16
4969,13
4970,4
4971,9
4972,4
4973,0
4974,1
4975,9
4976,9
4977,4
4978,10
4979,12
4980,0
4981,16
4982,13
4983,16
4984,4
4985,1
4986,11
4987,15
4988,9
4989,0
4990,4
4991,16
4992,7
4993,14
4994,4
4995,4
4996,7
4997,4
4998,8
4999,16
5000,9
5001,3
5002,0
5003,7
5004,15
5005,13
5006,3
5007,7
5008,12
5009,7
5010,12
5011,7
5012,4
5013,13
5014,9
5015,7
5016,6
5017,4
5018,13
5019,10
5020,16
5021,3
5022,10
5023,10
5024,16
5025,13
5026,4
5027,16
5028,16
5029,4
5030,4
5031,7
5032,12
5033,6
5034,10
5035,13
5036,6
5037,8
5038,1
5039,4
5040,13
5041,3
5042,10
5043,6
5044,10
5045,7
5046,3
5047,6
5048,12
5049,4
5050,6
5051,9
5052,9
5053,8
5054,12
5055,0
5056,0
5057,3
5058,16
5059,4
5060,7
5061,7
5062,13
5063,4
5064,4
5065,13
5066,7
5067,8
5068,6
5069,3
5070,0
5071,16
5072,2
5073,10
5074,7
5075,16
5076,3
5077,16
5078,16
5079,16
5080,3
5081,16
5082,16
5083,4
5084,4
5085,0
5086,3
5087,16
5088,16
5089,13
5090,16
5091,10
5092,8
5093,13
5094,4
5095,12
5096,3
5097,13
5098,7
5099,4
5100,3
5101,15
5102,0
5103,4
5104,8
5105,13
5106,16
5107,4
5108,4
5109,3
5110,15
5111,4
5112,3
5113,3
5114,3
5115,16
5116,10
5117,11
5118,3
5119,11
5120,15
5121,8
5122,0
5123,3
5124,3
5125,12
5126,4
5127,6
5128,4
5129,3
5130,10
5131,4
5132,8
5133,10
5134,8
5135,12
5136,1
5137,16
5138,8
5139,0
5140,6
5141,10
5142,4
5143,8
5144,0
5145,3
5146,12
5147,5
5148,10
5149,14
5150,14
5151,15
5152,9
5153,9
5154,16
5155,3
5156,16
5157,12
5158,7
5159,16
5160,7
5161,9
5162,7
5163,4
5164,7
5165,10
5166,14
5167,6
5168,4
5170,14
5171,8
5172,14
5173,8
5174,7
5175,9
5176,14
5177,9
5178,8
5179,8
5180,3
5181,5
5182,16
5183,15
5184,0
5185,0
5186,6
5187,14
5188,11
5189,11
5190,0
5191,0
5192,7
5193,1
5194,5
5195,0
5196,3
5197,7
5198,7
5199,7
5200,5
5201,5
5202,16
5203,8
5204,4
5205,10
5206,13
5207,13
5208,13
5209,4
5210,9
5211,7
5212,13
5213,16
5214,4
5215,4
5216,7
5217,5
5218,13
5219,16
5220,6
5221,6
5222,9
5223,2
5224,15
5225,0
5226,16
5227,11
5228,16
5229,3
5230,3
5231,7
5232,3
5233,7
5234,5
5235,5
5236,16
5237,16
5238,8
5239,4
5240,16
5241,4
5242,16
5243,16
5244,16
5245,16
5246,4
5247,16
5248,13
5249,3
5250,13
5251,4
5252,2
5253,9
5254,16
5255,16
5256,13
5257,3
5258,10
5259,4
5260,3
5261,8
5262,14
5263,3
5264,7
5265,12
5266,4
5267,1
5268,4
5269,6
5270,1
5271,10
5272,1
5273,3
5274,2
5275,2
5276,14
5277,6
5278,0
5279,8
5280,8
5281,15
5282,4
5283,10
5284,10
5285,7
5286,8
5287,11
5288,4
5289,9
5290,0
5291,11
5292,10
5293,6
5294,3
5295,5
5296,3
5297,3
5298,2
5299,14
5300,12
5301,11
5302,2
5303,0
5304,11
5306,7
5307,7
5308,7
5309,0
5310,6
5311,8
5312,16
5313,12
5314,9
5315,3
5316,6
5317,15
5318,2
5319,1
5320,4
5321,5
5322,14
5323,4
5324,6
5325,14
5326,13
5327,8
5328,10
5329,0
5330,0
5331,9
5332,12
5333,6
5334,3
5335,0
5336,1
5337,0
5338,5
5339,0
5340,7
5341,1
5342,0
5343,16
5344,1
5345,0
5346,1
5347,5
5348,7
5349,0
5350,2
5351,3
5352,13
5353,13
5354,14
5355,12
5356,15
5357,7
5358,4
5359,10
5360,8
5361,1
5362,6
5363,1
5364,4
5365,14
5366,6
5367,0
5368,0
5369,0
5370,7
5371,6
5372,1
5373,1
5374,7
5375,0
5376,16
5377,16
5378,4
5379,16
5380,10
5381,16
5382,10
5383,7
5384,4
5385,4
5386,16
5387,4
5388,5
5389,3
5390,4
5391,4
5392,10
5393,9
5394,7
5395,7
5396,12
5397,4
5398,7
5399,3
5400,10
5401,14
5402,0
5403,6
5404,7
5405,5
5406,13
5407,6
5408,5
5409,16
5410,4
5411,3
5412,5
5413,0
5414,16
5415,2
5416,4
5417,14
5418,8
5419,4
5420,10
5421,6
5422,3
5423,6
5424,16
5425,0
5426,6
5427,1
5428,7
5429,2
5430,0
5431,15
5432,10
5433,16
5434,4
5435,9
5436,10
5437,0
5438,15
5439,15
5440,1
5441,3
5442,13
5443,5
5444,16
5445,16
5446,4
5447,15
5448,4
5449,15
5450,14
5451,0
5452,16
5453,4
5454,8
5455,0
5456,10
5457,10
5458,10
5459,0
5460,10
5461,12
5462,15
5463,8
5464,0
5465,4
5466,9
5467,16
5468,6
5469,8
5470,6
5471,0
5472,7
5473,1
5474,2
5475,11
5476,3
5477,10
5478,13
5479,15
5480,14
5481,7
5482,0
5483,13
5484,13
5485,15
5486,13
5487,3
5488,5
5489,10
5490,1
5491,9
5492,5
5493,7
5494,3
5495,10
5496,3
5497,3
5498,3
5499,1
5500,0
5501,4
5502,9
5503,8
5504,4
5505,8
5506,3
5507,5
5508,0
5509,7
5510,0
5511,0
5512,14
5513,4
5514,4
5515,4
5516,7
5517,7
5518,6
5519,7
5520,9
5521,10
5522,11
5523,6
5524,0
5525,6
5526,4
5527,7
5528,6
5529,2
5530,5
5531,4
5532,5
5533,6
5534,5
5535,5
5536,16
5537,3
5538,3
5539,5
5540,16
5541,13
5542,4
5543,3
5544,15
5545,9
5546,14
5547,0
5548,5
5549,5
5550,2
5551,11
5552,16
5553,7
5554,9
5555,4
5556,4
5557,7
5558,15
5559,7
5560,1
5561,5
5562,0
5563,8
5564,7
5565,0
5566,6
5567,13
5568,4
5569,12
5570,7
5571,16
5572,5
5573,4
5574,3
5575,6
5576,0
5577,13
5578,10
5579,0
5580,3
5581,13
5582,6
5583,16
5584,6
5585,11
5586,7
5587,0
5588,14
5589,0
5590,6
5591,4
5592,15
5593,0
5594,6
5595,16
5596,9
5597,0
5598,1
5599,13
5600,5
5601,8
5602,7
5603,15
5604,14
5605,0
5606,15
5607,13
5608,16
5609,15
5610,5
5611,7
5612,14
5613,9
5614,7
5615,12
5616,0
5617,8
5618,4
5619,16
5620,16
5621,16
5622,13
5623,6
5624,6
5625,3
5626,11
5627,4
5628,7
5629,16
5630,4
5631,7
5632,7
5633,7
5634,8
5635,0
5636,8
5637,7
5638,4
5639,8
5640,8
5641,9
5642,5
5643,5
5644,9
5645,7
5646,12
5647,12
5648,8
5649,16
5650,7
5651,7
5652,7
5653,9
5654,14
5655,4
5656,14
5657,8
5658,3
5659,7
5660,12
5661,10
5662,7
5663,6
5664,16
5665,16
5666,8
5667,5
5668,6
5669,0
5670,13
5671,13
5672,13
5673,13
5674,14
5675,4
5676,7
5677,7
5678,12
5679,7
5680,7
5681,6
5682,3
5683,0
5684,1
5685,7
5686,7
5687,16
5688,7
5689,3
5690,7
5691,7
5692,7
5693,1
5695,0
5696,9
5697,9
5698,4
5699,2
5700,14
5701,9
5702,1
5703,16
5704,0
5705,2
5706,16
5707,4
5708,9
5709,16
5710,14
5711,7
5712,0
5713,14
5714,0
5715,5
5716,7
5718,10
5719,15
5720,12
5721,10
5722,10
5723,8
5724,0
5725,14
5726,7
5727,16
5728,4
5729,4
5730,4
5731,4
5732,14
5733,13
5734,4
5735,13
5736,13
5737,7
5738,7
5739,1
5740,3
5741,7
5742,0
5743,2
5744,16
5745,5
5746,3
5747,13
5748,5
5749,14
5750,0
5751,10
5752,16
5753,10
5754,0
5755,6
5756,8
5757,13
5758,7
5759,13
5760,14
5761,3
5762,13
5763,6
5764,13
5765,0
5766,0
5767,0
5768,14
5769,10
5770,15
5771,1
5772,4
5773,0
5774,8
5775,4
5776,9
5777,0
5778,0
5779,4
5780,9
5781,12
5782,10
5783,9
5784,7
5786,7
5787,14
5788,5
5789,7
5790,5
5791,7
5792,3
5793,6
5794,0
5795,10
5796,0
5797,7
5798,6
5800,3
5801,13
5802,13
5803,13
5804,13
5805,7
5806,12
5807,4
5808,1
5809,0
5810,0
5811,0
5812,10
5814,16
5815,7
5816,7
5817,5
5818,12
5819,1
5820,8
5821,16
5822,16
5823,10
5824,4
5825,4
5826,0
5827,3
5828,16
5829,16
5830,3
5831,7
5832,4
5833,16
5834,16
5835,6
5836,2
5837,14
5838,0
5839,15
5840,5
5841,1
5842,6
5843,1
5844,0
5845,1
5846,2
5847,9
5848,15
5849,3
5850,12
5851,12
5852,2
5853,8
5854,12
5855,9
5856,0
5857,6
5858,8
5859,10
5860,4
5861,8
5862,6
5863,14
5864,12
5865,14
5866,2
5867,13
5868,1
5869,8
5870,4
5871,12
5872,3
5873,1
5874,7
5875,0
5876,5
5877,12
5878,7
5879,7
5880,16
5881,4
5882,4
5883,8
5884,0
5885,7
5886,6
5887,12
5888,2
5889,6
5890,3
5891,13
5892,8
5893,0
5894,13
5895,4
5896,3
5897,7
5898,0
5899,6
5900,14
5901,13
5902,2
5903,4
5904,8
5905,2
5906,15
5907,11
5908,14
5909,7
5910,9
5911,15
5912,0
5913,0
5914,11
5915,13
5916,6
5917,0
5918,0
5919,14
5920,0
5921,8
5922,13
5923,15
5924,10
5925,7
5926,8
5927,4
5928,6
5929,3
5930,7
5931,6
5932,16
5933,6
5934,0
5935,7
5936,8
5937,10
5938,16
5939,13
5940,0
5941,5
5942,4
5943,4
5945,8
5946,13
5947,13
5948,4
5949,7
5950,6
5951,5
5952,3
5953,12
5954,6
5955,10
5956,3
5957,15
5958,10
5959,7
5960,8
5961,5
5962,0
5963,1
5964,16
5965,14
5966,4
5967,13
5968,16
5969,13
5970,8
5971,8
5972,13
5973,15
5974,15
5975,0
5976,7
5977,3
5978,3
5979,15
5980,1
5981,1
5982,12
5983,10
5984,9
5985,0
5986,4
5987,16
5988,16
5989,1
5990,2
5991,10
5992,5
5993,0
5994,15
5995,15
5996,10
5997,1
5998,4
5999,8
6000,16
6001,4
6002,4
6003,5
6004,15
6005,3
6006,4
6007,3
6008,10
6009,13
6010,9
6011,4
6012,4
6013,9
6014,4
6015,4
6016,12
6017,10
6018,2
6019,11
6020,2
6021,6
6022,16
6023,2
6024,7
6025,14
6026,5
6027,16
6028,2
6029,16
6030,13
6031,6
6032,7
6033,7
6034,8
6035,4
6036,4
6037,13
6038,4
6039,4
6040,7
6041,16
6042,16
6043,7
6044,4
6045,5
6046,0
6047,4
6048,4
6049,12
6050,4
6051,3
6052,4
6053,7
6054,12
6055,0
6056,2
6057,2
6058,11
6059,13
6060,10
6061,4
6062,0
6063,9
6064,4
6065,13
6066,8
6067,3
6068,14
6069,12
6070,8
6071,6
6072,14
6073,0
6074,16
6075,8
6076,3
6077,6
6078,7
6079,10
6080,4
6081,15
6082,10
6083,0
6084,7
6085,14
6086,7
6087,3
6088,7
6089,9
6090,7
6091,14
6092,6
6093,14
6094,5
6095,5
6096,7
6097,1
6098,9
6099,9
6100,7
6101,0
6102,7
6103,16
6104,3
6105,12
6106,3
6108,5
6109,5
6110,1
6111,5
6112,7
6113,9
6114,14
6115,14
6116,6
6117,7
6118,15
6119,4
6120,16
6121,3
6122,1
6123,0
6124,15
6125,15
6126,10
6127,8
6128,8
6129,14
6130,5
6131,12
6132,8
6133,0
6134,8
6135,6
6136,3
6137,4
6138,4
6139,16
6140,3
6141,4
6142,13
6143,13
6144,4
6145,12
6146,15
6147,15
6148,7
6149,15
6150,4
6151,9
6152,12
6153,15
6154,10
6155,8
6156,16
6157,3
6158,12
6159,4
6160,0
6161,11
6162,7
6163,4
6164,10
6165,4
6166,13
6167,7
6168,4
6169,10
6170,10
6171,12
6172,2
6173,10
6174,0
6175,10
6176,6
6177,0
6178,7
6179,7
6180,13
6181,10
6182,0
6183,13
6184,9
6185,16
6186,0
6187,1
6188,0
6189,6
6190,2
6191,16
6192,0
6193,10
6194,4
6195,4
6196,13
6197,9
6198,2
6199,4
6200,0
6201,2
6202,0
6203,7
6204,1
6205,1
6206,1
6207,2
6208,11
6209,0
6210,11
6211,5
6212,7
6213,0
6214,11
6215,0
6216,5
6217,14
6218,0
6219,0
6220,0
6221,1
6222,15
6223,11
6224,1
6225,11
6226,1
6227,7
6228,16
6229,0
6230,4
6231,7
6232,3
6233,3
6234,8
6235,14
6236,4
6237,5
6238,14
6239,7
6240,3
6241,0
6242,15
6243,7
6244,4
6245,0
6246,7
6247,8
6248,3
6249,0
6250,5
6251,1
6252,7
6253,0
6254,0
6255,15
6256,15
6257,5
6258,3
6259,0
6260,3
6261,9
6262,3
6263,4
6264,16
6265,9
6266,9
6267,16
6268,7
6269,7
6270,8
6271,16
6272,1
6273,16
6274,14
6275,7
6276,12
6277,7
6278,6
6279,16
6280,5
6281,14
6282,1
6283,0
6284,0
6285,16
6286,14
6287,3
6288,13
6289,7
6290,1
6291,3
6292,3
6293,13
6294,3
6295,13
6296,14
6297,16
6298,8
6299,10
6300,16
6301,10
6302,10
6303,0
6304,0
6305,5
6306,15
6307,7
6308,16
6309,8
6310,1
6311,4
6312,8
6313,7
6314,0
6315,3
6316,13
6317,1
6318,5
6319,14
6320,4
6321,15
6322,8
6323,13
6324,13
6325,13
6326,16
6327,10
6328,10
6329,8
6330,0
6331,8
6332,2
6333,13
6334,0
6335,4
6336,4
6337,3
6338,3
6339,6
6340,12
6341,6
6342,8
6343,10
6344,6
6345,8
6346,9
6347,7
6348,7
6349,10
6350,12
6351,5
6352,0
6353,7
6354,13
6355,15
6356,16
6357,11
6358,2
6359,7
6360,15
6361,0
6362,8
6363,1
6364,16
6365,16
6366,16
6367,3
6368,1
6369,16
6370,7
6371,1
6372,2
6373,16
6374,12
6375,16
6376,9
6377,3
6378,7
6379,7
6380,10
6381,8
6382,13
6383,7
6384,12
6385,10
6386,7
6387,8
6388,3
6389,6
6390,16
6391,4
6392,10
6393,16
6394,10
6395,10
6396,10
6398,0
6399,9
6400,6
6401,0
6402,7
6403,0
6404,5
6405,13
6406,1
6407,0
6408,0
6409,14
6410,7
6411,1
6412,13
6413,15
6414,13
6415,5
6416,0
6417,13
6418,2
6419,10
6420,9
6421,6
6422,9
6423,9
6424,4
6425,5
6426,13
6427,7
6428,14
6429,3
6430,12
6431,10
6432,6
6433,5
6434,7
6435,16
6436,7
6437,13
6438,7
6439,1
6440,5
6441,13
6442,15
6443,10
6444,13
6445,6
6446,7
6447,0
6448,0
6449,13
6450,12
6451,8
6452,4
6453,4
6454,8
6455,4
6456,3
6457,16
6458,7
6459,9
6460,7
6461,12
6462,0
6463,14
6464,4
6465,4
6466,0
6467,12
6468,0
6469,2
6470,10
6471,8
6472,6
6473,4
6474,3
6475,14
6476,5
6477,7
6478,7
6479,7
6480,7
6481,4
6482,8
6483,4
6484,4
6485,16
6486,4
6487,16
6488,8
6489,6
6490,8
6491,4
6492,4
6493,8
6494,16
6495,4
6496,11
6497,4
6498,8
6499,12
6500,4
6501,8
6502,4
6503,14
6504,7
6505,3
6506,7
6507,5
6508,7
6509,8
6510,4
6511,15
6512,4
6513,9
6514,16
6515,16
6516,7
6517,7
6518,3
6519,12
6520,3
6521,3
6522,7
6523,3
6524,8
6525,0
6526,3
6527,7
6528,8
6529,9
6530,9
6531,10
6532,6
6533,7
6534,7
6535,7
6536,10
6537,1
6538,0
6539,7
6540,9
6541,8
6542,7
6543,16
6544,2
6545,1
6546,7
6547,7
6548,12
6549,7
6550,5
6551,2
6552,5
6553,10
6554,0
6555,9
6556,14
6557,0
6558,5
6559,15
6560,7
6561,13
6562,16
6563,8
6564,3
6565,12
6566,1
6567,7
6568,7
6569,6
6570,14
6571,11
6572,3
6573,16
6574,0
6575,9
6576,3
6577,9
6578,14
6579,7
6580,12
6581,7
6582,7
6583,1
6584,1
6585,6
6586,3
6587,4
6588,15
6589,11
6590,16
6591,0
6592,0
6593,0
6594,4
6595,15
6596,10
6597,0
6598,7
6599,5
6600,6
6601,6
6602,0
6603,1
6604,3
6605,3
6606,3
6607,0
6608,1
6609,14
6610,11
6611,0
6612,7
6613,1
6614,0
6615,5
6616,10
6617,8
6618,2
6619,4
6620,1
6621,3
6622,13
6623,6
6624,0
6625,1
6626,5
6627,2
6628,12
6629,16
6630,15
6631,7
6632,4
6633,7
6634,7
6635,4
6636,5
6637,16
6638,16
6639,8
6640,11
6641,4
6642,5
6643,16
6644,4
6645,4
6646,16
6647,4
6648,6
6649,15
6650,1
6651,3
6652,0
6653,14
6654,6
6655,13
6656,7
6657,3
6658,16
6659,9
6660,3
6661,13
6662,3
6663,2
6664,16
6665,16
6666,2
6667,2
6668,0
6669,1
6670,15
6671,6
6672,1
6673,16
6674,12
6675,16
6676,7
6677,14
6678,6
6679,4
6680,5
6681,9
6682,0
6683,10
6684,7
6685,12
6686,7
6687,6
6688,10
6689,6
6690,4
6691,12
6692,7
6693,7
6694,7
6695,13
6696,4
6697,10
6698,0
6699,13
6700,13
6701,9
6702,13
6703,16
6704,13
6705,0
6706,13
6707,6
6708,0
6709,6
6710,6
6711,8
6712,4
6713,16
6714,4
6715,13
6716,8
6717,11
6718,9
6719,4
6720,7
6721,10
6722,9
6723,0
6724,13
6725,4
6726,2
6727,10
6728,12
6729,3
6730,1
6731,10
6732,3
6733,3
6734,10
6735,14
6736,0
6737,10
6738,10
6739,13
6740,7
6741,3
6742,6
6743,12
6744,9
6745,13
6746,9
6747,8
6748,0
6749,11
6750,16
6751,0
6752,3
6753,10
6754,0
6755,7
6756,4
6757,13
6758,7
6759,0
6760,0
6761,10
6762,1
6763,7
6764,1
6765,2
6766,2
6767,10
6768,13
6769,12
6770,16
6771,16
6772,16
6773,7
6774,6
6775,13
6776,2
6777,4
6778,8
6779,6
6780,0
6781,6
6782,16
6783,9
6784,9
6785,13
6786,13
6787,3
6788,10
6789,0
6790,7
6791,7
6792,5
6793,1
6794,7
6795,1
6796,0
6797,5
6798,1
6799,7
6800,12
6801,11
6802,0
6803,15
6804,2
6805,13
6806,0
6807,6
6808,1
6809,10
6810,6
6811,10
6812,3
6813,3
6814,0
6815,6
6816,2
6817,7
6818,13
6819,16
6820,16
6821,3
6822,9
6823,6
6824,6
6826,5
6827,3
6828,8
6829,10
6830,11
6831,0
6832,13
6833,7
6834,6
6835,0
6836,6
6837,8
6838,11
6839,14
6840,1
6841,12
6842,2
6843,0
6844,8
6845,8
6846,13
6847,6
6848,13
6849,1
6850,0
6851,7
6852,1
6853,16
6854,11
6855,6
6856,8
6857,10
6858,7
6859,1
6860,7
6861,16
6862,15
6863,15
6864,3
6865,8
6866,4
6867,7
6868,13
6869,16
6870,15
6871,3
6872,0
6873,9
6874,16
6875,5
6876,16
6877,13
6878,4
6879,11
6880,15
6881,14
6882,2
6883,7
6884,6
6885,6
6886,0
6887,7
6888,8
6889,8
6890,1
6891,5
6892,2
6893,2
6894,5
6895,8
6896,8
6897,7
6898,8
6899,3
6900,13
6901,4
6902,16
6903,11
6904,2
6905,0
6906,1
6907,6
6908,7
6909,9
6910,13
6911,0
6912,2
6913,15
6914,0
6915,1
6916,4
6917,8
6918,7
6919,7
6920,5
6921,7
6922,16
6923,4
6924,4
6925,14
6926,10
6927,16
6928,16
6929,9
6930,7
6931,4
6932,7
6933,7
6934,2
6935,3
6936,1
6937,3
6938,10
6939,7
6940,11
6941,7
6942,4
6943,4
6944,0
6945,3
6946,8
6947,3
6948,15
6949,5
6950,2
6951,0
6952,5
6953,8
6954,11
6955,13
6956,8
6957,8
6958,0
6959,3
6960,7
6961,4
6962,7
6963,12
6964,4
6965,5
6966,5
6967,10
6968,10
6969,10
6970,11
6971,0
6972,10
6973,9
6974,8
6975,7
6976,16
6977,10
6978,4
6979,3
6980,0
6981,1
6982,13
6983,16
6984,14
6985,7
6986,4
6987,16
6988,4
6989,16
6990,4
6991,7
6992,3
6993,14
6994,1
6995,3
6996,0
6997,3
6998,2
6999,13
7000,7
7001,6
7002,2
7003,14
7004,0
7005,8
7006,10
7007,13
7008,7
7009,7
7010,0
7011,3
7012,9
7013,3
7014,11
7015,3
7016,15
7018,7
7019,16
7020,2
7021,1
7022,7
7023,5
7024,8
7025,16
7026,12
7027,9
7028,9
7029,13
7030,7
7031,15
7032,5
7033,1
7034,8
7035,7
7036,9
7037,8
7038,0
7039,16
7040,16
7041,10
7042,7
7043,9
7044,15
7045,5
7046,5
7047,6
7048,5
7049,13
7050,7
7051,5
7052,8
7053,4
7054,16
7055,7
7056,4
7057,4
7058,4
7059,4
7060,10
7061,3
7062,0
7063,4
7064,3
7065,10
7066,12
7067,4
7068,3
7069,7
7070,3
7071,14
7072,16
7073,1
7074,16
7075,8
7076,6
7077,7
7078,16
7079,3
7080,14
7081,1
7082,1
7083,16
7084,16
7085,2
7086,12
7087,13
7088,0
7089,0
7090,13
7091,6
7092,12
7093,0
7094,7
7095,0
7096,0
7097,7
7098,7
7099,14
7100,7
7101,7
7102,8
7103,1
7104,1
7105,16
7106,5
7107,0
7108,2
7109,0
7110,14
7111,15
7112,7
7113,11
7114,8
7115,16
7116,10
7117,10
7118,10
7119,10
7120,10
7121,7
7122,7
7123,12
7124,0
7125,7
7126,1
7127,9
7128,8
7129,9
7130,14
7131,7
7132,8
7133,13
7134,12
7135,12
7136,16
7137,9
7138,4
7139,7
7140,5
7141,10
7142,4
7143,7
7144,1
7145,1
7146,2
7147,6
7148,1
7149,3
7150,3
7151,3
7152,13
7153,12
7154,6
7155,7
7156,1
7157,1
7158,1
7159,1
7160,5
7161,2
7162,1
7163,7
7164,16
7165,7
7166,15
7167,13
7168,0
7169,15
7170,7
7171,11
7172,0
7173,0
7174,7
7175,8
7176,14
7177,0
7178,10
7179,0
7180,2
7181,0
7182,15
7183,15
7184,9
7185,10
7186,7
7187,16
7188,15
7189,0
7190,14
7191,5
7192,7
7193,5
7194,13
7195,6
7196,1
7197,10
7198,7
7199,7
7200,7
7201,7
7202,10
7203,14
7204,0
7205,7
7206,4
7207,0
7208,8
7209,0
7210,0
7211,2
7212,11
7213,4
7214,1
7215,2
7216,16
7217,0
7218,15
7219,13
7220,0
7221,3
7222,7
7223,6
7224,4
7225,7
7226,7
7227,4
7228,5
7229,1
7230,7
7231,9
7232,1
7233,15
7234,5
7235,15
7236,7
7237,13
7238,2
7239,0
7240,8
7241,3
7242,14
7243,2
7244,15
7245,7
7246,1
7247,13
7248,10
7249,13
7250,1
7251,11
7252,2
7253,6
7254,15
7255,7
7256,7
7257,0
7258,7
7259,7
7260,10
7261,1
7262,11
7263,11
7264,5
7265,7
7266,1
7267,16
7268,16
7269,6
7270,11
7271,16
7272,7
7273,1
7274,11
7275,6
7276,14
7277,7
7278,16
7279,11
7280,7
7281,7
7282,2
7283,13
7284,11
7285,2
7286,2
7287,4
7288,14
7289,3
7290,4
7291,4
7292,4
7293,4
7294,1
7295,10
7296,10
7297,7
7298,3
7299,3
7300,7
7301,7
7302,4
7303,4
7304,0
7305,4
7306,4
7307,7
7308,4
7309,7
7310,7
7311,7
7312,5
7313,5
7314,5
7315,7
7316,7
7317,9
7318,8
7319,3
7320,4
7321,13
7322,9
7323,8
7324,0
7325,7
7326,4
7327,13
7328,2
7329,5
7330,4
7331,1
7332,5
7333,5
7334,3
7335,5
7336,1
7337,5
7338,3
7339,3
7340,15
7341,7
7342,3
7343,8
7344,4
7345,13
7346,12
7347,8
7348,14
7349,15
7351,0
7352,11
7353,4
7354,14
7355,7
7356,9
7357,5
7358,1
7359,3
7360,0
7361,7
7362,10
7363,14
7364,4
7365,7
7366,13
7367,0
7368,16
7369,9
7370,15
7371,7
7372,1
7373,15
7374,14
7375,13
7376,8
7377,7
7378,1
7379,4
7380,3
7381,0
7382,16
7383,10
7384,3
7385,8
7386,0
7387,9
7388,7
7389,13
7390,14
7391,1
7392,7
7393,15
7394,2
7395,0
7396,4
7397,12
7398,3
7399,15
7400,4
7401,14
7402,6
7403,7
7404,4
7405,5
7406,7
7407,4
7408,7
7409,1
7410,0
7411,15
7412,7
7413,0
7414,0
7415,7
7416,1
7417,1
7418,0
7419,2
7420,6
7421,2
7422,15
7423,15
7424,8
7425,2
7426,7
7427,5
7428,13
7429,8
7430,10
7431,15
7432,0
7433,10
7434,5
7435,2
7436,4
7437,10
7438,15
7439,4
7440,4
7441,4
7442,4
7443,4
7444,7
7445,0
7446,1
7447,14
7448,13
7449,10
7450,3
7451,5
7452,2
7453,0
7454,3
7455,6
7456,6
7457,1
7458,8
7459,12
7460,8
7461,5
7462,4
7463,10
7464,4
7465,4
7466,6
7467,4
7468,14
7469,10
7470,8
7471,0
7472,8
7473,0
7474,11
7475,1
7476,4
7477,6
7478,4
7479,14
7480,5
7481,0
7482,7
7483,5
7484,4
7485,2
7486,16
7487,1
7488,10
7489,10
7490,15
7491,0
7492,0
7493,5
7494,10
7495,10
7496,13
7497,5
7498,7
7499,8
7500,7
7501,4
7502,13
7503,0
7504,0
7505,14
7506,6
7507,1
7508,16
7509,14
7510,7
7511,11
7512,8
7513,2
7514,13
7515,11
7516,7
7517,7
7518,1
7519,6
7520,3
7521,15
7522,0
7523,5
7524,7
7525,7
7526,15
7527,15
7528,1
7529,2
7530,15
7531,1
7532,11
7533,4
7534,15
7535,7
7536,12
7537,7
7538,0
7539,15
7540,0
7541,1
7542,11
7543,0
7544,14
7545,7
7546,6
7547,4
7548,7
7549,7
7550,13
7551,6
7552,7
7553,5
7554,7
7555,0
7556,2
7557,9
7558,12
7559,6
7560,7
7561,7
7562,7
7563,5
7564,7
7565,16
7566,8
7567,13
7568,3
7569,13
7570,5
7571,5
7572,1
7573,7
7574,15
7575,5
7576,0
7577,7
7578,7
7579,0
7580,7
7581,14
7582,14
7583,0
7584,9
7585,13
7586,10
7587,9
7588,14
7589,15
7590,7
7591,0
7592,7
7593,8
7594,7
7595,0
7596,7
7597,3
7598,7
7599,7
7600,10
7601,12
7602,12
7603,10
7604,8
7605,4
7606,7
7607,9
7608,4
7609,12
7610,12
7611,13
7612,5
7614,0
7615,0
7616,16
7617,14
7618,14
7619,7
7620,16
7621,3
7622,3
7623,3
7624,4
7625,3
7626,3
7627,3
7628,3
7629,4
7630,3
7631,13
7632,16
7633,7
7634,10
7635,1
7636,9
7637,10
7638,16
7639,7
7640,16
7641,0
7642,12
7643,4
7644,16
7645,6
7646,13
7647,6
7648,7
7649,13
7650,4
7651,14
7652,14
7653,8
7654,6
7655,0
7656,13
7657,7
7658,11
7659,12
7660,13
7661,7
7662,11
7663,13
7664,6
7665,15
7666,15
7667,7
7668,0
7669,7
7670,7
7671,9
7672,14
7673,16
7674,7
7675,14
7676,0
7677,6
7678,13
7679,7
7680,15
7681,8
7682,8
7683,2
7684,2
7685,10
7686,0
7687,1
7688,1
7689,13
7690,4
7691,4
7692,2
7693,0
7695,4
7696,7
7697,5
7698,4
7699,16
7700,9
7701,3
7702,7
7703,0
7704,0
7705,7
7706,11
7707,0
7708,15
7709,14
7710,7
7711,15
7712,16
7713,14
7714,11
7715,10
7716,2
7717,5
7718,10
7719,6
7720,10
7721,0
7722,0
7723,0
7724,10
7725,0
7726,7
7727,0
7728,0
7729,7
7730,0
7731,7
7732,2
7733,14
7734,3
7735,3
7736,14
7737,7
7738,7
7739,5
7740,5
7741,0
7742,3
7743,7
7744,7
7745,7
7746,7
7747,13
7748,7
7749,7
7750,12
7751,7
7752,0
7753,13
7754,2
7755,7
7756,0
7757,13
7758,0
7759,7
7760,1
7761,1
7762,16
7764,7
7765,1
7766,16
7767,7
7768,8
7769,1
7770,3
7771,0
7772,6
7773,8
7774,15
7775,15
7776,1
7777,5
7778,0
7779,16
7780,13
7781,13
7782,9
7783,2
7784,7
7785,7
7786,7
7787,4
7788,6
7789,16
7790,4
7791,4
7792,4
7793,4
7794,4
7795,2
7796,16
7797,16
7798,4
7799,11
7800,7
7801,1
7802,10
7803,8
7804,8
7805,5
7806,7
7807,7
7808,1
7809,13
7810,14
7811,4
7812,7
7813,7
7814,5
7815,16
7816,4
7817,4
7818,4
7819,7
7820,0
7821,6
7822,7
7823,2
7824,16
7825,4
7826,9
7827,4
7828,12
7829,5
7830,1
7831,7
7832,1
7833,14
7834,7
7836,1
7837,7
7838,2
7839,14
7840,7
7841,0
7842,15
7843,0
7844,0
7845,6
7846,0
7847,0
7848,0
7849,0
7850,0
7851,11
7852,14
7853,16
7854,15
7855,15
7856,16
7857,10
7858,11
7859,11
7860,15
7861,11
7862,7
7863,6
7864,4
7865,11
7866,6
7867,11
7868,1
7869,4
7870,16
7871,5
7872,7
7873,7
7874,13
7875,14
7876,8
7877,0
7878,10
7879,8
7880,3
7881,14
7882,8
7883,16
7884,10
7885,6
7886,9
7887,1
7888,10
7889,0
7890,14
7891,3
7892,6
7893,7
7894,8
7895,6
7896,6
7897,2
7898,10
7899,5
7900,0
7901,10
7902,4
7903,8
7904,4
7905,7
7906,7
7907,15
7908,4
7909,15
7910,15
7911,1
7912,6
7913,13
7914,15
7915,0
7916,1
7917,0
7918,11
7919,0
7920,4
7921,12
7922,7
7923,4
7924,1
7925,8
7926,7
7927,7
7928,1
7929,8
7930,12
7931,2
7932,10
7933,3
7934,4
7935,3
7936,15
7937,7
7938,16
7939,4
7940,0
7941,0
7942,10
7943,16
7944,0
7945,4
7946,4
7947,15
7948,0
7949,2
7950,0
7951,13
7952,1
7953,11
7954,1
7955,11
7956,0
7957,0
7958,0
7959,1
7960,0
7961,2
7962,7
7963,16
7964,5
7965,13
7966,12
7967,9
7968,9
7969,7
7970,5
7971,7
7972,13
7973,15
7974,8
7975,2
7976,3
7977,1
7978,8
7979,7
7980,4
7981,4
7982,15
7983,5
7984,16
7985,11
7986,11
7987,16
7988,10
7989,0
7990,3
7991,11
7992,0
7993,11
7994,0
7995,0
7996,0
7997,7
7998,0
7999,0
8000,16
8001,0
8002,16
8003,15
8004,0
8005,0
8006,0
8007,7
8008,5
8009,0
8010,1
8011,7
8012,7
8013,0
8014,5
8015,2
8016,5
8017,4
8018,9
8019,16
8020,2
8021,1
8022,2
8023,0
8024,1
8025,16
8026,4
8027,7
8028,4
8029,9
8030,1
8031,3
8032,11
8033,10
8034,1
8035,15
8036,0
8037,16
8038,16
8039,15
8040,0
8041,7
8042,0
8043,10
8044,13
8045,16
8046,8
8047,13
8048,13
8049,4
8050,4
8051,0
8052,7
8053,15
8054,13
8055,9
8056,16
8057,5
8058,1
8059,16
8060,12
8061,15
8062,0
8063,8
8064,12
8065,3
8066,5
8067,0
8068,0
8069,11
8070,10
8071,7
8072,10
8073,10
8074,8
8075,6
8076,11
8077,16
8078,4
8079,10
8080,9
8081,11
8082,3
8083,16
8084,9
8085,6
8086,3
8087,8
8088,3
8089,8
8090,7
8091,7
8092,5
8093,4
8094,5
8095,3
8096,12
8097,7
8098,0
8099,7
8100,12
8101,0
8102,8
8103,3
8104,8
8105,16
8106,4
8107,10
8108,4
8109,10
8110,1
8111,7
8112,16
8113,8
8114,3
8115,0
8116,7
8117,14
8118,16
8119,1
8120,15
8121,2
8122,16
8123,10
8124,2
8125,14
8126,0
8127,0
8128,1
8130,3
8131,14
8132,6
8133,0
8134,13
8135,10
8136,10
8137,16
8138,12
8139,8
8140,3
8141,12
8142,4
8144,1
8145,10
8146,3
8147,14
8148,14
8149,7
8150,0
8151,6
8152,3
8153,7
8154,0
8155,7
8156,13
8157,14
8158,15
8159,10
8160,0
8161,12
8162,14
8163,0
8164,0
8165,14
8166,15
8167,9
8168,16
8169,1
8170,13
8171,4
8172,14
8173,4
8174,1
8175,7
8176,7
8177,0
8178,0
8179,0
8180,7
8181,11
8182,7
8183,7
8184,8
8185,11
8186,7
8187,1
8188,3
8189,1
8190,7
8191,3
8192,6
8193,10
8194,14
8195,0
8196,12
8197,7
8198,12
8199,6
8200,7
8201,13
8202,5
8203,4
8204,10
8205,7
8206,15
8207,11
8208,10
8209,13
8210,12
8211,0
8212,0
8213,3
8214,7
8215,7
8216,4
8217,10
8218,5
8219,0
8220,5
8221,10
8222,0
8223,5
8224,5
8225,10
8226,3
8227,15
8228,8
8229,7
8230,5
8231,7
8232,11
8233,0
8234,11
8235,1
8236,11
8237,10
8238,12
8239,8
8240,11
8241,4
8242,3
8243,4
8244,8
8245,13
8246,4
8247,7
8248,10
8249,15
8250,6
8251,1
8252,5
8253,7
8254,12
8255,4
8256,4
8257,4
8258,12
8259,4
8260,4
8261,7
8262,2
8263,10
8264,16
8266,6
8267,4
8268,4
8269,4
8270,7
8271,12
8272,4
8273,9
8274,3
